order_id,order_status,order_source,order_date,category,sku,quantity,sales,city,sales_flag
5447,Shipped,Whatsapp,1/4/2025,CK,Dng,1,1590,Karachi,OK
14127,Shipped,Web,1/8/2025,CK,DIY,1,899,Karachi,OK
14213,Shipped,Web,1/19/2025,CK,DIY,1,899,Karachi,OK
14333,Shipped,Web,2/5/2025,CK,Simply9,1,990,Karachi,OK
14397,Shipped,Web,2/16/2025,CK,Simply9,1,990,Karachi,OK
14517,Shipped,Web,3/19/2025,GfT,Eidi2p,1,999,Karachi,OK
14265,Shipped,Web,1/25/2025,CK,Geo12,1,1090,Karachi,OK
14325,Shipped,Web,2/3/2025,CK,Geo12,1,1090,Karachi,OK
14356,Shipped,Web,2/8/2025,CK,Geo12,1,1090,Karachi,OK
14451,Shipped,Web,2/26/2025,CK,Geo12,1,1090,Karachi,OK
14765,Shipped,Web,5/23/2025,CK,Simply12,1,1090,Karachi,OK
5462,Shipped,Whatsapp,3/5/2025,WD,Triangle,1,1090,Karachi,OK
14171,Shipped,Web,1/13/2025,CK,Minim12,1,1190,Karachi,OK
14183,Shipped,Web,1/15/2025,CK,Gear12,1,1190,Karachi,OK
14201,Shipped,Web,1/17/2025,HNS,201-12,1,1190,Karachi,OK
14216,Shipped,Web,1/19/2025,CK,Minim12,1,1190,Karachi,OK
14291,Shipped,Web,1/28/2025,CK,Swirl15,1,1190,Karachi,OK
14342,Shipped,Web,2/6/2025,WD,Circles,1,1190,Karachi,OK
14342,Shipped,Web,2/6/2025,CK,Minim12,1,1190,Karachi,OK
14351,Shipped,Web,2/7/2025,CK,Minim12,1,1190,Karachi,OK
14426,Shipped,Web,2/21/2025,CK,Minim12,1,1190,Karachi,OK
14429,Shipped,Web,2/21/2025,HNS,201-12,1,1190,Karachi,OK
14452,Shipped,Web,2/27/2025,CK,Minim12,1,1190,Karachi,OK
14461,Shipped,Web,2/28/2025,CK,Minim12,1,1190,Karachi,OK
14469,Shipped,Web,3/12/2025,HNS,201-12,1,1190,Karachi,OK
14523,Shipped,Web,3/20/2025,HNS,201-12,1,1190,Karachi,OK
14571,Shipped,Web,4/3/2025,HNS,201-12,1,1190,Karachi,OK
14585,Shipped,Web,4/6/2025,HNS,201-12,1,1190,Karachi,OK
14658,Shipped,Web,4/16/2025,CK,Crclr12,1,1190,Karachi,OK
14697,Shipped,Web,4/28/2025,HNS,201-12,1,1190,Karachi,OK
14711,Shipped,Web,5/2/2025,HNS,201-12,1,1190,Karachi,OK
14740,Shipped,Web,5/12/2025,HNS,201-12,1,1190,Karachi,OK
14759,Shipped,Web,5/18/2025,HNS,201-12,1,1190,Karachi,OK
14764,Shipped,Web,5/23/2025,HNS,201-12,1,1190,Karachi,OK
14800,Shipped,Web,5/31/2025,HNS,201-12,1,1190,Karachi,OK
14170,Shipped,Web,1/13/2025,WD,Circles,1,1290,Karachi,OK
14197,Shipped,Web,1/16/2025,CK,Zen12,1,1290,Karachi,OK
14219,Shipped,Web,1/19/2025,CK,Zen12,1,1290,Karachi,OK
14257,Shipped,Web,1/24/2025,CK,Zen12,1,1290,Karachi,OK
14303,Shipped,Web,1/29/2025,CK,Zen12,1,1290,Karachi,OK
14332,Shipped,Web,2/5/2025,CK,Zen12,1,1290,Karachi,OK
14340,Shipped,Web,2/5/2025,CK,Zen12,1,1290,Karachi,OK
14385,Shipped,Web,2/15/2025,CK,YY12,1,1290,Karachi,OK
14637,Shipped,Web,4/12/2025,CK,Zen12,1,1290,Karachi,OK
14811,Shipped,Web,6/6/2025,HNS,201-12,1,1290,Karachi,OK
14100,Shipped,Web,1/4/2025,CK,Geo15,1,1390,Karachi,OK
14136,Shipped,Web,1/11/2025,HNS,201-12,1,1390,Karachi,OK
14180,Shipped,Web,1/15/2025,CK,BoldS15,1,1390,Karachi,OK
14212,Shipped,Web,1/19/2025,HNS,201-12,1,1390,Karachi,OK
14233,Shipped,Web,1/21/2025,WD,pta,1,1390,Karachi,OK
14387,Shipped,Web,2/15/2025,WD,pta,1,1390,Karachi,OK
14466,Shipped,Web,3/9/2025,HNS,201-12,1,1390,Karachi,OK
14586,Shipped,Web,4/6/2025,HNS,201-12,1,1390,Karachi,OK
14637,Shipped,Web,4/12/2025,CK,Simply15,1,1390,Karachi,OK
14654,Shipped,Web,4/15/2025,HNS,201-12,1,1390,Karachi,OK
14659,Shipped,Web,4/16/2025,HNS,201-12,1,1390,Karachi,OK
14760,Shipped,Web,5/19/2025,HNS,201-12,1,1390,Karachi,OK
14774,Shipped,Web,5/24/2025,HNS,201-12,1,1390,Karachi,OK
14796,Shipped,Web,5/30/2025,HNS,201-12,1,1390,Karachi,OK
5457,Shipped,Whatsapp,2/20/2025,HNS,201-12,1,1390,Karachi,OK
5469,Shipped,Whatsapp,4/8/2025,HNS,201-12,1,1390,Karachi,OK
5478,Shipped,Whatsapp,4/29/2025,HNS,101-12,1,1400,Karachi,OK
14132,Shipped,Web,1/9/2025,CK,Minim15,1,1490,Karachi,OK
14139,Shipped,Web,1/11/2025,CK,Minim15,1,1490,Karachi,OK
14184,Shipped,Web,1/15/2025,CK,Minim15,1,1490,Karachi,OK
14203,Shipped,Web,1/18/2025,CK,Minim15,1,1490,Karachi,OK
14206,Shipped,Web,1/18/2025,CK,Gear15,1,1490,Karachi,OK
14228,Shipped,Web,1/20/2025,HNS,101-12,1,1490,Karachi,OK
14234,Shipped,Web,1/21/2025,HNS,101-12,1,1490,Karachi,OK
14256,Shipped,Web,1/24/2025,CK,Crclr15,1,1490,Karachi,OK
14263,Shipped,Web,1/25/2025,CK,Swirl15,1,1490,Karachi,OK
14318,Shipped,Web,1/31/2025,CK,Crclr15,1,1490,Karachi,OK
14340,Shipped,Web,2/5/2025,CK,Minim15,1,1490,Karachi,OK
14397,Shipped,Web,2/16/2025,CK,Minim15,1,1490,Karachi,OK
14418,Shipped,Web,2/20/2025,WD,PD,1,1490,Karachi,OK
14423,Shipped,Web,2/21/2025,CK,Minim15,1,1490,Karachi,OK
14457,Shipped,Web,2/27/2025,CK,Minim15,1,1490,Karachi,OK
14611,Shipped,Web,4/9/2025,HNS,101-12,1,1490,Karachi,OK
14613,Shipped,Web,4/9/2025,HNS,101-12,1,1490,Karachi,OK
14652,Shipped,Web,4/15/2025,HNS,001-9,1,1490,Karachi,OK
14687,Shipped,Web,4/25/2025,HNS,101-12,1,1490,Karachi,OK
14753,Shipped,Web,5/16/2025,HNS,101-12,1,1490,Karachi,OK
14757,Shipped,Web,5/17/2025,HNS,101-12,1,1490,Karachi,OK
14786,Shipped,Web,5/29/2025,HNS,101-12,1,1490,Karachi,OK
14790,Shipped,Web,5/29/2025,HNS,101-12,1,1490,Karachi,OK
5471,Shipped,Whatsapp,4/9/2025,HNS,201-12,1,1490,Karachi,OK
14107,Shipped,Web,1/4/2025,CK,Dng,1,1590,Karachi,OK
14109,Shipped,Web,1/4/2025,CK,Zen16,1,1590,Karachi,OK
14120,Shipped,Web,1/7/2025,CK,Dng,1,1590,Karachi,OK
14133,Shipped,Web,1/9/2025,CK,Dng,1,1590,Karachi,OK
14153,Shipped,Web,1/12/2025,CK,Dng,1,1590,Karachi,OK
14157,Shipped,Web,1/12/2025,CK,Dng,1,1590,Karachi,OK
14166,Shipped,Web,1/13/2025,CK,Dng,1,1590,Karachi,OK
14191,Shipped,Web,1/15/2025,CK,Silent12,1,1590,Karachi,OK
14209,Shipped,Web,1/18/2025,CK,Zen16,1,1590,Karachi,OK
14224,Shipped,Web,1/20/2025,CK,Dng,1,1590,Karachi,OK
14251,Shipped,Web,1/23/2025,CK,Dng,1,1590,Karachi,OK
14270,Shipped,Web,1/26/2025,CK,Zen16,1,1590,Karachi,OK
14294,Shipped,Web,1/28/2025,CK,Dng,1,1590,Karachi,OK
14301,Shipped,Web,1/29/2025,CK,Dng,1,1590,Karachi,OK
14336,Shipped,Web,2/5/2025,CK,Dng,1,1590,Karachi,OK
14360,Shipped,Web,2/9/2025,CK,Dng,1,1590,Karachi,OK
14397,Shipped,Web,2/16/2025,CK,Dng,1,1590,Karachi,OK
14414,Shipped,Web,2/20/2025,CK,Zen16,1,1590,Karachi,OK
14418,Shipped,Web,2/20/2025,WD,Rectangles,1,1590,Karachi,OK
14420,Shipped,Web,2/21/2025,CK,YY16,1,1590,Karachi,OK
14424,Shipped,Web,2/21/2025,CK,Dng,1,1590,Karachi,OK
14439,Shipped,Web,2/24/2025,CK,Dng,1,1590,Karachi,OK
14450,Shipped,Web,2/26/2025,CK,Dng,1,1590,Karachi,OK
14599,Shipped,Web,4/8/2025,CK,YY16,1,1590,Karachi,OK
14633,Shipped,Web,4/11/2025,CK,Zen16,1,1590,Karachi,OK
14645,Shipped,Web,4/14/2025,CK,Dng,1,1590,Karachi,OK
14648,Shipped,Web,4/14/2025,CK,Silent12,1,1590,Karachi,OK
5450,Shipped,Whatsapp,1/27/2025,CK,Dng,1,1590,Karachi,OK
14639,Shipped,Web,4/12/2025,HNS,201-15,1,1690,Karachi,OK
14640,Shipped,Web,4/12/2025,HNS,201-15,1,1690,Karachi,OK
14667,Shipped,Web,4/20/2025,HNS,201-15,1,1690,Karachi,OK
14734,Shipped,Web,5/11/2025,HNS,201-15,1,1690,Karachi,OK
14739,Shipped,Web,5/12/2025,HNS,201-15,1,1690,Karachi,OK
14136,Shipped,Web,1/11/2025,HNS,201-12,1,1790,Karachi,OK
14221,Shipped,Web,1/19/2025,HNS,101-12,1,1790,Karachi,OK
14240,Shipped,Web,1/22/2025,HNS,001-9,1,1790,Karachi,OK
14281,Shipped,Web,1/27/2025,HNS,101-12,1,1790,Karachi,OK
14607,Shipped,Web,4/9/2025,HNS,101-12,1,1790,Karachi,OK
14609,Shipped,Web,4/9/2025,HNS,101-12,1,1790,Karachi,OK
14620,Shipped,Web,4/10/2025,HNS,101-12,1,1790,Karachi,OK
14647,Shipped,Web,4/14/2025,HNS,101-12,1,1790,Karachi,OK
14679,Shipped,Web,4/24/2025,HNS,101-12,1,1790,Karachi,OK
14680,Shipped,Web,4/24/2025,HNS,101-12,1,1790,Karachi,OK
14689,Shipped,Web,4/26/2025,HNS,101-12,1,1790,Karachi,OK
14729,Shipped,Web,5/9/2025,HNS,101-12,1,1790,Karachi,OK
14730,Shipped,Web,5/9/2025,HNS,101-12,1,1790,Karachi,OK
14761,Shipped,Web,5/19/2025,HNS,101-12,1,1790,Karachi,OK
14765,Shipped,Web,5/23/2025,HNS,101-12,1,1790,Karachi,OK
14803,Shipped,Web,6/2/2025,HNS,101-12,1,1790,Karachi,OK
5462,Shipped,Whatsapp,3/5/2025,CK,Silent12,1,1790,Karachi,OK
14825,Shipped,Web,6/9/2025,HNS,101-12,1,1890,Karachi,OK
14088,Shipped,Web,1/2/2025,HNS,201-15,1,1990,Karachi,OK
14094,Shipped,Web,1/3/2025,HNS,201-15,1,1990,Karachi,OK
1413666,Shipped,Whatsapp,2/8/2025,HNS,201-15,1,1990,Karachi,OK
14211,Shipped,Web,1/19/2025,HNS,201-15,1,1990,Karachi,OK
14367,Shipped,Web,2/11/2025,HNS,201-15,1,1990,Karachi,OK
14603,Shipped,Web,4/8/2025,HNS,201-15,1,1990,Karachi,OK
146033,Shipped,Web,4/8/2025,HNS,201-15,1,1990,Karachi,OK
14624,Shipped,Web,4/10/2025,HNS,201-15,1,1990,Karachi,OK
14782,Shipped,Web,5/28/2025,HNS,201-15,1,1990,Karachi,OK
14115,Shipped,Web,1/6/2025,HNS,201-18,1,2190,Karachi,OK
14180,Shipped,Web,1/15/2025,CK,Silent18,1,2190,Karachi,OK
14231,Shipped,Web,1/21/2025,CK,Silent18,1,2190,Karachi,OK
14277,Shipped,Web,1/26/2025,HNS,101-15,1,2190,Karachi,OK
14353,Shipped,Web,2/8/2025,CK,Silent18,1,2190,Karachi,OK
14384,Shipped,Web,2/15/2025,HNS,201-18,1,2190,Karachi,OK
14384,Shipped,Web,2/15/2025,CK,Silent18,1,2190,Karachi,OK
14442,Shipped,Web,2/25/2025,CK,Silent18,1,2190,Karachi,OK
14482,Shipped,Web,3/18/2025,HNS,101-15,1,2190,Karachi,OK
14526,Shipped,Web,3/20/2025,GfT,Eidi5p,1,2190,Karachi,OK
14584,Shipped,Web,4/6/2025,HNS,201-18,1,2190,Karachi,OK
14598,Shipped,Web,4/8/2025,HNS,101-15,1,2190,Karachi,OK
14653,Shipped,Web,4/15/2025,HNS,201-18,1,2190,Karachi,OK
14702,Shipped,Web,4/30/2025,HNS,001-12,1,2190,Karachi,OK
14797,Shipped,Web,5/30/2025,HNS,001-12,1,2190,Karachi,OK
5479,Shipped,Whatsapp,5/2/2025,HNS,001-12,1,2190,Karachi,OK
14080,Shipped,Web,1/1/2025,HNS,101-15,1,2590,Karachi,OK
14208,Shipped,Web,1/18/2025,HNS,001-12,1,2590,Karachi,OK
14236,Shipped,Web,1/22/2025,HNS,201-18,1,2590,Karachi,OK
14305,Shipped,Web,1/29/2025,HNS,101-15,1,2590,Karachi,OK
14366,Shipped,Web,2/10/2025,HNS,101-15,1,2590,Karachi,OK
14388,Shipped,Web,2/15/2025,HNS,101-15,1,2590,Karachi,OK
14401,Shipped,Web,2/17/2025,HNS,101-15,1,2590,Karachi,OK
14435,Shipped,Web,2/23/2025,HNS,201-18,1,2590,Karachi,OK
14574,Shipped,Web,4/4/2025,HNS,001-12,1,2590,Karachi,OK
14579,Shipped,Web,4/5/2025,HNS,101-15,1,2590,Karachi,OK
14615,Shipped,Web,4/9/2025,HNS,101-15,1,2590,Karachi,OK
14629,Shipped,Web,4/10/2025,HNS,201-18,1,2590,Karachi,OK
14634,Shipped,Web,4/11/2025,HNS,001-12,1,2590,Karachi,OK
14670,Shipped,Web,4/20/2025,HNS,101-15,1,2590,Karachi,OK
14696,Shipped,Web,4/28/2025,HNS,101-15,1,2590,Karachi,OK
14703,Shipped,Web,4/30/2025,HNS,101-15,1,2590,Karachi,OK
14715,Shipped,Web,5/3/2025,HNS,101-15,1,2590,Karachi,OK
14728,Shipped,Web,5/9/2025,HNS,101-15,1,2590,Karachi,OK
14746,Shipped,Web,5/13/2025,HNS,101-15,1,2590,Karachi,OK
14751,Shipped,Web,5/16/2025,HNS,101-15,1,2590,Karachi,OK
14763,Shipped,Web,5/21/2025,HNS,201-18,1,2590,Karachi,OK
14777,Shipped,Web,5/25/2025,HNS,201-18,1,2590,Karachi,OK
14545,Shipped,Web,3/23/2025,HNS,201-18,1,2690,Karachi,OK
14415,Shipped,Web,2/20/2025,HNS,101-18,1,2890,Karachi,OK
14592,Shipped,Web,4/7/2025,HNS,101-18,1,2890,Karachi,OK
14702,Shipped,Whatsapp,4/30/2025,HNS,101-18,1,2890,Karachi,OK
14748,Shipped,Web,5/14/2025,HNS,101-18,1,2890,Karachi,OK
14188,Shipped,Web,1/15/2025,HNS,101-15,1,3190,Karachi,OK
14138,Shipped,Web,1/11/2025,HNS,101-18,1,3390,Karachi,OK
14602,Shipped,Web,4/8/2025,HNS,103-18,1,3390,Karachi,OK
14632,Shipped,Web,4/11/2025,HNS,103-18,1,3390,Karachi,OK
14709,Shipped,Web,5/1/2025,HNS,001-15,1,3390,Karachi,OK
14745,Shipped,Web,5/12/2025,HNS,101-18,1,3390,Karachi,OK
14754,Shipped,Web,5/16/2025,HNS,101-18,1,3390,Karachi,OK
14824,Shipped,Web,6/9/2025,HNS,101-18,1,3690,Karachi,OK
14214,Shipped,Web,1/19/2025,CK,DIY,1,899,Lahore,OK
14154,Shipped,Web,1/12/2025,CK,DIY,1,900,Lahore,OK
14273,Shipped,Web,1/26/2025,CK,Minim9,1,990,Lahore,OK
14293,Shipped,Web,1/28/2025,CK,Minim9,1,990,Lahore,OK
14338,Shipped,Web,2/5/2025,WD,Oval,1,990,Lahore,OK
14528,Shipped,Web,3/20/2025,GfT,Eidi2p,1,999,Lahore,OK
14530,Shipped,Web,3/21/2025,GfT,Eidi2p,1,999,Lahore,OK
5477,Shipped,Whatsapp,4/25/2025,HNS,101-12,1,1000,Lahore,OK
14605,Shipped,Web,4/9/2025,CK,Geo12,1,1090,Lahore,OK
14623,Shipped,Web,4/10/2025,CK,Simply12,1,1090,Lahore,OK
14113,Shipped,Web,1/5/2025,CK,Minim12,1,1190,Lahore,OK
14150,Shipped,Web,1/11/2025,HNS,201-12,1,1190,Lahore,OK
14158,Shipped,Web,1/12/2025,CK,Minim12,1,1190,Lahore,OK
14185,Shipped,Web,1/15/2025,HNS,201-12,1,1190,Lahore,OK
14238,Shipped,Web,1/22/2025,CK,Minim12,1,1190,Lahore,OK
14471,Shipped,Web,3/14/2025,HNS,201-12,1,1190,Lahore,OK
14553,Shipped,Web,4/2/2025,HNS,201-12,1,1190,Lahore,OK
14555,Shipped,Web,4/2/2025,HNS,201-12,1,1190,Lahore,OK
14655,Shipped,Web,4/15/2025,CK,Minim12,1,1190,Lahore,OK
5466,Shipped,Whatsapp,3/21/2025,GfT,Eidi2p,1,1190,Lahore,OK
14519,Shipped,Web,3/19/2025,GfT,Eidi2p,1,1199,Lahore,OK
14527,Shipped,Web,3/20/2025,GfT,Eidi2p,1,1199,Lahore,OK
14093,Shipped,Web,1/3/2025,CK,Zen12,1,1290,Lahore,OK
14297,Shipped,Web,1/29/2025,CK,Zen12,1,1290,Lahore,OK
14302,Shipped,Web,1/29/2025,CK,Zen12,1,1290,Lahore,OK
14326,Shipped,Web,2/3/2025,CK,Zen12,1,1290,Lahore,OK
14390,Shipped,Web,2/15/2025,WD,Circles,1,1290,Lahore,OK
14650,Shipped,Web,4/15/2025,CK,Zen12,1,1290,Lahore,OK
14822,Shipped,Web,6/8/2025,HNS,201-12,1,1290,Lahore,OK
14081,Shipped,Web,1/2/2025,HNS,201-12,1,1390,Lahore,OK
14096,Shipped,Web,1/3/2025,WD,SunFlower,1,1390,Lahore,OK
14141,Shipped,Web,1/11/2025,WD,pta,1,1390,Lahore,OK
14164,Shipped,Web,1/13/2025,CK,Simply15,1,1390,Lahore,OK
14399,Shipped,Web,2/17/2025,HNS,201-12,1,1390,Lahore,OK
14407,Shipped,Web,2/18/2025,HNS,201-12,1,1390,Lahore,OK
14770,Shipped,Web,5/23/2025,HNS,201-12,1,1390,Lahore,OK
14792,Shipped,Web,5/29/2025,HNS,201-12,1,1390,Lahore,OK
14148,Shipped,Web,1/11/2025,CK,Crclr15,1,1490,Lahore,OK
14158,Shipped,Web,1/12/2025,CK,Crclr15,1,1490,Lahore,OK
14175,Shipped,Web,1/13/2025,CK,Minim15,1,1490,Lahore,OK
14315,Shipped,Web,1/30/2025,CK,Crclr15,1,1490,Lahore,OK
14328,Shipped,Web,2/3/2025,CK,Minim15,1,1490,Lahore,OK
14338,Shipped,Web,2/5/2025,WD,SunClouds,1,1490,Lahore,OK
14389,Shipped,Web,2/15/2025,CK,Minim15,1,1490,Lahore,OK
14404,Shipped,Web,2/17/2025,CK,Minim15,1,1490,Lahore,OK
14405,Shipped,Web,2/18/2025,CK,Minim15,1,1490,Lahore,OK
14413,Shipped,Web,2/19/2025,CK,Gear15,1,1490,Lahore,OK
14440,Shipped,Web,2/24/2025,CK,Minim12,1,1490,Lahore,OK
14576,Shipped,Web,4/5/2025,HNS,101-12,1,1490,Lahore,OK
14577,Shipped,Web,4/5/2025,HNS,101-12,1,1490,Lahore,OK
14628,Shipped,Web,4/10/2025,HNS,101-12,1,1490,Lahore,OK
14651,Shipped,Web,4/15/2025,CK,Cat15,1,1490,Lahore,OK
14657,Shipped,Web,4/16/2025,CK,Gear15,1,1490,Lahore,OK
14661,Shipped,Web,4/17/2025,CK,Gear15,1,1490,Lahore,OK
14743,Shipped,Web,5/12/2025,HNS,101-12,1,1490,Lahore,OK
14787,Shipped,Web,5/29/2025,HNS,101-12,1,1490,Lahore,OK
14083,Shipped,Web,1/2/2025,CK,Zen16,1,1590,Lahore,OK
14084,Shipped,Web,1/2/2025,CK,Dng,1,1590,Lahore,OK
14102,Shipped,Web,1/4/2025,CK,Dng,1,1590,Lahore,OK
14148,Shipped,Web,1/11/2025,CK,Dng,1,1590,Lahore,OK
14158,Shipped,Web,1/12/2025,CK,Dng,1,1590,Lahore,OK
14163,Shipped,Web,1/13/2025,CK,Dng,1,1590,Lahore,OK
14193,Shipped,Web,1/15/2025,CK,Dng,1,1590,Lahore,OK
14210,Shipped,Web,1/18/2025,CK,Zen16,1,1590,Lahore,OK
14222,Shipped,Web,1/19/2025,CK,Dng,1,1590,Lahore,OK
14262,Shipped,Web,1/24/2025,CK,Silent12,1,1590,Lahore,OK
14297,Shipped,Web,1/29/2025,CK,Zen16,1,1590,Lahore,OK
14324,Shipped,Web,2/2/2025,CK,PacMan16,1,1590,Lahore,OK
14329,Shipped,Web,2/4/2025,CK,Zen16,1,1590,Lahore,OK
14329,Shipped,Web,2/4/2025,CK,Silent15,1,1590,Lahore,OK
14411,Shipped,Web,2/19/2025,CK,Silent12,1,1590,Lahore,OK
14643,Shipped,Web,4/13/2025,CK,Dng,1,1590,Lahore,OK
5465,Shipped,Whatsapp,3/20/2025,CK,Dng,1,1590,Lahore,OK
14237,Shipped,Web,1/22/2025,HNS,201-15,1,1690,Lahore,OK
14252,Shipped,Web,1/23/2025,HNS,201-15,1,1690,Lahore,OK
14365,Shipped,Web,2/10/2025,HNS,201-15,1,1690,Lahore,OK
14441,Shipped,Web,2/24/2025,HNS,201-15,1,1690,Lahore,OK
14673,Shipped,Web,4/22/2025,HNS,201-15,1,1690,Lahore,OK
14706,Shipped,Web,5/1/2025,HNS,201-15,1,1690,Lahore,OK
14724,Shipped,Web,5/8/2025,HNS,201-15,1,1690,Lahore,OK
14544,Shipped,Web,3/22/2025,GfT,Eidi4p,1,1750,Lahore,OK
14096,Shipped,Web,1/3/2025,WD,pta,1,1790,Lahore,OK
14223,Shipped,Web,1/20/2025,WD,pta,1,1790,Lahore,OK
14440,Shipped,Web,2/24/2025,CK,Silent15,1,1790,Lahore,OK
14665,Shipped,Web,4/19/2025,HNS,001-9,1,1790,Lahore,OK
14775,Shipped,Web,5/24/2025,HNS,101-12,1,1790,Lahore,OK
14335,Shipped,Web,2/5/2025,CK,Silent15,1,1890,Lahore,OK
14393,Shipped,Web,2/15/2025,CK,Silent15,1,1890,Lahore,OK
14402,Shipped,Web,2/17/2025,CK,Silent15,1,1890,Lahore,OK
14626,Shipped,Web,4/10/2025,CK,Silent15,1,1890,Lahore,OK
14392,Shipped,Web,2/15/2025,HNS,201-15,1,1990,Lahore,OK
14538,Shipped,Web,3/21/2025,HNS,201-15,1,1990,Lahore,OK
14712,Shipped,Web,5/2/2025,HNS,201-15,1,1990,Lahore,OK
14309,Shipped,Web,1/30/2025,HNS,101-15,1,2190,Lahore,OK
14379,Shipped,Web,2/14/2025,CK,Silent18,1,2190,Lahore,OK
14529,Shipped,Web,3/21/2025,GfT,Eidi5p,1,2190,Lahore,OK
14554,Shipped,Web,4/2/2025,HNS,101-15,1,2190,Lahore,OK
14563,Shipped,Web,4/3/2025,HNS,201-18,1,2190,Lahore,OK
14601,Shipped,Web,4/8/2025,HNS,201-18,1,2190,Lahore,OK
14661,Shipped,Web,4/17/2025,HNS,201-18,1,2190,Lahore,OK
14678,Shipped,Web,4/24/2025,HNS,201-18,1,2190,Lahore,OK
14695,Shipped,Web,4/27/2025,HNS,201-18,1,2190,Lahore,OK
14724,Shipped,Web,5/8/2025,HNS,101-15,1,2190,Lahore,OK
14635,Shipped,Web,4/12/2025,HNS,101-15,1,2290,Lahore,OK
14816,Shipped,Web,6/6/2025,HNS,101-15,1,2390,Lahore,OK
7484,Shipped,Whatsapp,5/30/2025,HNS,101-15,1,2490,Lahore,OK
7487,Shipped,Whatsapp,6/10/2025,HNS,201-18,1,2490,Lahore,OK
14137,Shipped,Web,1/11/2025,HNS,101-15,1,2590,Lahore,OK
14215,Shipped,Web,1/19/2025,HNS,201-18,1,2590,Lahore,OK
14343,Shipped,Web,2/6/2025,HNS,101-15,1,2590,Lahore,OK
14565,Shipped,Web,4/3/2025,HNS,101-15,1,2590,Lahore,OK
14569,Shipped,Web,4/3/2025,HNS,201-18,1,2590,Lahore,OK
14580,Shipped,Web,4/5/2025,HNS,201-18,1,2590,Lahore,OK
14581,Shipped,Web,4/6/2025,HNS,201-18,1,2590,Lahore,OK
14610,Shipped,Web,4/9/2025,HNS,101-15,1,2590,Lahore,OK
14668,Shipped,Web,4/20/2025,HNS,101-15,1,2590,Lahore,OK
14676,Shipped,Web,4/23/2025,HNS,201-18,1,2590,Lahore,OK
14699,Shipped,Web,4/28/2025,HNS,101-15,1,2590,Lahore,OK
14716,Shipped,Web,5/4/2025,HNS,201-18,1,2590,Lahore,OK
14720,Shipped,Web,5/6/2025,HNS,201-18,1,2590,Lahore,OK
14783,Shipped,Web,5/28/2025,HNS,001-12,1,2590,Lahore,OK
14799,Shipped,Web,5/30/2025,HNS,101-15,1,2590,Lahore,OK
14552,Shipped,Web,3/29/2025,HNS,101-18,1,2890,Lahore,OK
14587,Shipped,Web,4/7/2025,HNS,101-18,1,2890,Lahore,OK
14731,Shipped,Web,5/10/2025,HNS,101-18,1,2890,Lahore,OK
14762,Shipped,Web,5/19/2025,HNS,101-18,1,2890,Lahore,OK
14819,Shipped,Web,6/7/2025,HNS,101-18,1,3190,Lahore,OK
14560,Shipped,Web,4/2/2025,HNS,101-18,1,3390,Lahore,OK
14588,Shipped,Web,4/7/2025,HNS,101-18,1,3390,Lahore,OK
14593,Shipped,Web,4/8/2025,HNS,101-18,1,3390,Lahore,OK
14721,Shipped,Web,5/6/2025,HNS,101-18,1,3390,Lahore,OK
14758,Shipped,Web,5/17/2025,HNS,101-18,1,3390,Lahore,OK
14793,Shipped,Web,5/30/2025,HNS,101-18,1,3390,Lahore,OK
5473,Shipped,Whatsapp,4/18/2025,HNS,001-15,1,3390,Lahore,OK
5476,Shipped,Whatsapp,4/18/2025,HNS,101-18,1,3390,Lahore,OK
14135,Shipped,Web,1/10/2025,HNS,101-15,1,3400,Lahore,OK
14164,Shipped,Web,1/13/2025,WD,Neon,1,3490,Lahore,OK
14807,Shipped,Web,6/6/2025,HNS,101-18,1,3690,Lahore,OK
7485,Shipped,Whatsapp,5/30/2025,HNS,101-18,1,3690,Lahore,OK
5453,Shipped,Whatsapp,1/29/2025,HNS,101-15,1,5200,Lahore,OK
5461,Shipped,Web,2/15/2025,CK,201-18,1,5600,Lahore,OK
7483,Shipped,Whatsapp,5/25/2025,HNS,101-18,1,5800,Lahore,OK
14821,Shipped,Web,6/8/2025,HNS,103-18,1,6190,Lahore,OK
5475,Shipped,Whatsapp,4/18/2025,HNS,201-18,1,9200,Lahore,OK
14082,Shipped,Web,1/2/2025,CK,DIY,1,899,Hyderabad,OK
14106,Shipped,Web,1/4/2025,CK,DIY,1,899,Islamabad,OK
14176,Shipped,Web,1/13/2025,CK,DIY,1,899,Jampur,OK
14250,Shipped,Web,1/23/2025,CK,DIY,1,899,Swabi,OK
14276,Shipped,Web,1/26/2025,CK,DIY,1,899,Sambrial,OK
14319,Shipped,Web,1/31/2025,CK,DIY,1,899,Rawalpindi,OK
14347,Shipped,Web,2/7/2025,CK,DIY,1,899,Sialkot,OK
14146,Shipped,Web,1/11/2025,CK,Simply9,1,990,Muzaffargarh,OK
14146,Shipped,Web,1/11/2025,CK,Minim9,1,990,Muzaffargarh,OK
14207,Shipped,Web,1/18/2025,CK,Minim9,1,990,Sargodha,OK
14274,Shipped,Web,1/26/2025,WD,BF,1,990,Sadiqabad,OK
14287,Shipped,Web,1/27/2025,CK,Minim9,1,990,Charsadda,OK
14334,Shipped,Web,2/5/2025,CK,Simply9,1,990,Gujrat,OK
14408,Shipped,Web,2/18/2025,CK,Simply9,1,990,Mingora (Swat),OK
14432,Shipped,Web,2/23/2025,CK,Gear9,1,990,Islamabad,OK
14432,Shipped,Web,2/23/2025,CK,Simply9,1,990,Islamabad,OK
14454,Shipped,Web,2/27/2025,CK,Minim9,1,990,Faisalabad,OK
14594,Shipped,Web,4/8/2025,CK,Simply9,1,990,Islamabad,OK
14595,Shipped,Web,4/8/2025,CK,Minim9,1,990,Rawalpindi,OK
14664,Shipped,Web,4/18/2025,CK,Minim9,1,990,Karak,OK
14520,Shipped,Web,3/19/2025,GfT,Eidi2p,1,999,Gujranwala,OK
14521,Shipped,Web,3/19/2025,GfT,Eidi2p,1,999,Sialkot,OK
14524,Shipped,Web,3/20/2025,GfT,Eidi2p,1,999,Islamabad,OK
14525,Shipped,Web,3/20/2025,GfT,Eidi2p,1,999,Bahawalpur,OK
14531,Shipped,Web,3/21/2025,GfT,Eidi2p,1,999,Rahim Yar Khan,OK
14532,Shipped,Web,3/21/2025,GfT,Eidi2p,1,999,Mardan,OK
14540,Shipped,Web,3/22/2025,GfT,Eidi2p,1,999,Bannu,OK
14543,Shipped,Web,3/22/2025,GfT,Eidi2p,1,999,Rawalpindi,OK
5468,Shipped,Whatsapp,3/22/2025,GfT,Eidi2p,1,999,Multan,OK
14123,Shipped,Web,1/7/2025,CK,Geo12,1,1090,Rawalpindi,OK
14341,Shipped,Web,2/5/2025,WD,Circles,1,1090,Gujrat,OK
14462,Shipped,Web,3/1/2025,CK,Simply12,1,1090,Burewala,OK
14394,Shipped,Web,2/16/2025,WD,PD,1,1180,Rawalpindi,OK
14090,Shipped,Web,1/2/2025,WD,BF,1,1190,Sialkot,OK
14104,Shipped,Web,1/4/2025,CK,Gear12,1,1190,Gujranwala,OK
14126,Shipped,Web,1/8/2025,CK,Minim12,1,1190,Dharki,OK
14177,Shipped,Web,1/14/2025,CK,Minim12,1,1190,Shorkot Cantt,OK
14195,Shipped,Web,1/15/2025,CK,Minim12,1,1190,Mirpur (AK),OK
14230,Shipped,Web,1/21/2025,WD,PD,1,1190,Rahim Yar Khan,OK
14269,Shipped,Web,1/26/2025,WD,Birds,1,1190,Rawalpindi,OK
14310,Shipped,Web,1/30/2025,CK,Minim12,1,1190,Mianwali,OK
14312,Shipped,Web,1/30/2025,CK,Gear12,1,1190,Jamshoro,OK
14321,Shipped,Web,2/1/2025,HNS,201-12,1,1190,Rawalpindi,OK
14327,Shipped,Web,2/3/2025,HNS,201-12,1,1190,Rawalpindi,OK
14341,Shipped,Whatsapp,2/5/2025,WD,Strips,1,1190,Gujrat,OK
14428,Shipped,Web,2/21/2025,CK,Minim12,1,1190,Islamabad,OK
14449,Shipped,Web,2/26/2025,CK,Minim12,1,1190,Quetta,OK
14458,Shipped,Web,2/28/2025,CK,Minim12,1,1190,Nowshera Virkan,OK
14460,Shipped,Web,2/28/2025,CK,Minim12,1,1190,Rawalpindi,OK
14478,Shipped,Web,3/17/2025,HNS,201-12,1,1190,Sahiwal,OK
14663,Shipped,Web,4/17/2025,CK,Minim12,1,1190,Sahiwal,OK
14707,Shipped,Web,5/1/2025,HNS,201-12,1,1190,Jhelum,OK
14717,Shipped,Web,5/4/2025,HNS,201-12,1,1190,Islamabad,OK
14801,Shipped,Web,6/1/2025,HNS,201-12,1,1190,Bahawalpur,OK
14804,Shipped,Web,6/3/2025,WD,PD,1,1190,Mianwali,OK
5470,Shipped,Whatsapp,4/9/2025,HNS,201-12,1,1190,Sialkot,OK
14275,Shipped,Web,1/26/2025,CK,Minim12,1,1199,Khair Pur Meeru,OK
14225,Shipped,Web,1/20/2025,CK,Minim12,1,1200,Peshawar,OK
14091,Shipped,Web,1/3/2025,CK,Zen12,1,1290,Peshawar,OK
14226,Shipped,Web,1/20/2025,CK,Zen12,1,1290,Pindi Bhattian,OK
14239,Shipped,Web,1/22/2025,CK,Zen12,1,1290,Raiwind,OK
14243,Shipped,Web,1/22/2025,CK,Zen12,1,1290,Miran Shah,OK
14245,Shipped,Web,1/23/2025,CK,Zen12,1,1290,Sialkot,OK
14247,Shipped,Web,1/23/2025,CK,Zen12,1,1290,Taxila,OK
14249,Shipped,Web,1/23/2025,CK,Zen12,1,1290,Mansehra,OK
14292,Shipped,Web,1/28/2025,CK,Zen12,1,1290,Rawalpindi,OK
14323,Shipped,Web,2/2/2025,CK,Zen12,1,1290,Quetta,OK
14350,Shipped,Web,2/7/2025,CK,Zen12,1,1290,Charsadda,OK
14391,Shipped,Web,2/15/2025,CK,Zen12,1,1290,Islamabad,OK
14421,Shipped,Web,2/21/2025,CK,Zen12,1,1290,Daulat Pur,OK
14437,Shipped,Web,2/24/2025,CK,Zen12,1,1290,Peshawar,OK
14453,Shipped,Web,2/27/2025,CK,Zen12,1,1290,Islamabad,OK
14808,Shipped,Web,6/6/2025,HNS,101-12,1,1290,Rawalpindi,OK
14162,Shipped,Web,1/13/2025,HNS,201-12,1,1390,Peshawar,OK
14182,Shipped,Web,1/15/2025,HNS,201-12,1,1390,Islamabad,OK
14194,Shipped,Web,1/15/2025,WD,pta,1,1390,Pattoki,OK
14241,Shipped,Web,1/22/2025,WD,SunCloud,1,1390,Islamabad,OK
14313,Shipped,Web,1/30/2025,CK,Simply15,1,1390,Multan,OK
14322,Shipped,Web,2/2/2025,HNS,201-12,1,1390,Sargodha,OK
14344,Shipped,Web,2/6/2025,CK,BoldS15,1,1390,Hyderabad,OK
14349,Shipped,Web,2/7/2025,HNS,201-12,1,1390,Sialkot,OK
14352,Shipped,Web,2/8/2025,CK,BoldS15,1,1390,Mailsi,OK
143599,Shipped,Web,2/9/2025,HNS,201-12,1,1390,Hyderabad,OK
14362,Shipped,Web,2/10/2025,WD,SunFlower,1,1390,Multan,OK
14374,Shipped,Web,2/13/2025,HNS,201-12,1,1390,Faisalabad,OK
14412,Shipped,Web,2/19/2025,CK,Geo15,1,1390,Arifwala,OK
14425,Shipped,Web,2/21/2025,CK,Geo15,1,1390,Shikarpur,OK
14589,Shipped,Web,4/7/2025,HNS,201-12,1,1390,Islamabad,OK
14614,Shipped,Web,4/9/2025,CK,BoldS15,1,1390,Islamabad,OK
14769,Shipped,Web,5/23/2025,HNS,201-12,1,1390,Quetta,OK
5452,Shipped,Whatsapp,1/29/2025,HNS,201-12,1,1390,Sialkot,OK
14085,Shipped,Web,1/2/2025,CK,Minim15,1,1490,Hyderabad,OK
14092,Shipped,Web,1/3/2025,CK,Crclr15,1,1490,Sheikhupura,OK
14097,Shipped,Web,1/3/2025,HNS,101-12,1,1490,Faisalabad,OK
14099,Shipped,Web,1/3/2025,CK,Minim15,1,1490,Jhelum,OK
14130,Shipped,Web,1/8/2025,CK,Minim15,1,1490,Sargodha,OK
14142,Shipped,Web,1/11/2025,CK,Crclr15,1,1490,Kasur,OK
14152,Shipped,Web,1/12/2025,CK,Minim15,1,1490,Peshawar,OK
14161,Shipped,Web,1/13/2025,CK,Minim15,1,1490,Sadiqabad,OK
14168,Shipped,Web,1/13/2025,CK,Minim15,1,1490,Abbottabad,OK
14179,Shipped,Web,1/15/2025,CK,Minim15,1,1490,Islamabad,OK
14202,Shipped,Web,1/18/2025,CK,Minim15,1,1490,Quetta,OK
14205,Shipped,Web,1/18/2025,HNS,101-12,1,1490,Jhelum,OK
14229,Shipped,Web,1/21/2025,CK,Minim15,1,1490,Sahiwal,OK
14255,Shipped,Web,1/23/2025,CK,Minim15,1,1490,Hyderabad,OK
14267,Shipped,Web,1/25/2025,HNS,101-12,1,1490,Khairpur,OK
14289,Shipped,Web,1/28/2025,WD,Oval,1,1490,Turbat,OK
14296,Shipped,Whatsapp,1/29/2025,CK,Minim15,1,1490,Wah Cantt,OK
14320,Shipped,Web,1/31/2025,CK,Crclr15,1,1490,Rawalpindi,OK
14345,Shipped,Web,2/6/2025,HNS,101-12,1,1490,Islamabad,OK
14354,Shipped,Web,2/8/2025,CK,Minim15,1,1490,Rawalpindi,OK
14378,Shipped,Web,2/14/2025,CK,Crclr15,1,1490,Islamabad,OK
14380,Shipped,Web,2/14/2025,HNS,101-12,1,1490,Kamoki,OK
14386,Shipped,Web,2/15/2025,HNS,101-12,1,1490,Faisalabad,OK
14400,Shipped,Web,2/17/2025,CK,Gear15,1,1490,Kamber Ali Khan,OK
14409,Shipped,Web,2/18/2025,CK,Minim15,1,1490,Kandhkot,OK
14416,Shipped,Web,2/20/2025,CK,Minim15,1,1490,Gilgit,OK
14419,Shipped,Web,2/20/2025,CK,Minim15,1,1490,Sukkur,OK
14431,Shipped,Web,2/22/2025,CK,Minim15,1,1490,Faisalabad,OK
14438,Shipped,Web,2/24/2025,CK,Minim15,1,1490,Gujranwala,OK
14446,Shipped,Web,2/26/2025,CK,Minim15,1,1490,Khanpur,OK
14522,Shipped,Web,3/19/2025,HNS,101-12,1,1490,Sialkot,OK
14547,Shipped,Web,3/26/2025,HNS,101-12,1,1490,Faisalabad,OK
14561,Shipped,Web,4/2/2025,HNS,101-12,1,1490,Islamabad,OK
14606,Shipped,Web,4/9/2025,CK,Gear15,1,1490,Abdul Hakim,OK
14649,Shipped,Web,4/15/2025,HNS,101-12,1,1490,Rawalpindi,OK
14675,Shipped,Web,4/23/2025,HNS,101-12,1,1490,Multan,OK
14684,Shipped,Web,4/25/2025,HNS,101-12,1,1490,Islamabad,OK
14691,Shipped,Web,4/27/2025,HNS,101-12,1,1490,Kharian,OK
14692,Shipped,Web,4/27/2025,HNS,101-12,1,1490,Islamabad,OK
14713,Shipped,Web,5/3/2025,HNS,101-12,1,1490,Sialkot,OK
14788,Shipped,Web,5/29/2025,HNS,101-12,1,1490,Sahiwal,OK
14089,Shipped,Web,1/2/2025,CK,Dng,1,1590,Sahiwal,OK
14095,Shipped,Web,1/3/2025,CK,Dng,1,1590,Quetta,OK
14103,Shipped,Web,1/4/2025,CK,Zen16,1,1590,Mirpur (AK),OK
14111,Shipped,Web,1/5/2025,CK,Dng,1,1590,Quetta,OK
141111,Shipped,Web,1/5/2025,CK,Dng,1,1590,Quetta,OK
14117,Shipped,Web,1/6/2025,CK,Dng,1,1590,Tando Allahyar,OK
14134,Shipped,Web,1/9/2025,CK,Zen16,1,1590,Quetta,OK
14140,Shipped,Web,1/11/2025,CK,Dng,1,1590,Hasilpur,OK
14144,Shipped,Web,1/11/2025,CK,Zen16,1,1590,Gujar Khan,OK
14149,Shipped,Web,1/11/2025,CK,Zen16,1,1590,Islamabad,OK
14155,Shipped,Web,1/12/2025,CK,Dng,1,1590,Multan,OK
14172,Shipped,Web,1/13/2025,CK,Zen16,1,1590,Mirpur Khas,OK
14178,Shipped,Web,1/14/2025,CK,Dng,1,1590,Rawalpindi,OK
14186,Shipped,Web,1/15/2025,CK,Zen16,1,1590,Bhakkar,OK
14187,Shipped,Web,1/15/2025,CK,Zen16,1,1590,Kabir Wala,OK
14204,Shipped,Web,1/18/2025,CK,Dng,1,1590,Mingora (Swat),OK
14218,Shipped,Web,1/19/2025,CK,Dng,1,1590,Swabi,OK
14227,Shipped,Web,1/20/2025,CK,Dng,1,1590,Quetta,OK
14248,Shipped,Web,1/23/2025,CK,Dng,1,1590,Mingora (Swat),OK
14254,Shipped,Web,1/23/2025,CK,Dng,1,1590,Moro,OK
14258,Shipped,Web,1/24/2025,CK,OG16,1,1590,Hyderabad,OK
14261,Shipped,Web,1/24/2025,CK,Zen16,1,1590,Mardan,OK
14271,Shipped,Web,1/26/2025,CK,Zen16,1,1590,Rawalpindi,OK
14288,Shipped,Web,1/27/2025,CK,Dng,1,1590,Raiwind,OK
14289,Shipped,Web,1/28/2025,WD,Hexa,1,1590,Turbat,OK
14296,Shipped,Whatsapp,1/29/2025,CK,Dng,1,1590,Wah Cantt,OK
14299,Shipped,Web,1/29/2025,CK,Dng,1,1590,Sheikhupura,OK
14308,Shipped,Web,1/30/2025,CK,Dng,1,1590,Chistian,OK
14320,Shipped,Web,1/31/2025,CK,Dng,1,1590,Rawalpindi,OK
14331,Shipped,Web,2/5/2025,CK,Dng,1,1590,Mardan,OK
14337,Shipped,Web,2/5/2025,CK,Dng,1,1590,Hyderabad,OK
14354,Shipped,Web,2/8/2025,CK,Zen16,1,1590,Rawalpindi,OK
14364,Shipped,Web,2/10/2025,CK,Dng,1,1590,Sialkot,OK
14377,Shipped,Web,2/14/2025,CK,Silent12,1,1590,Rawalpindi,OK
14381,Shipped,Web,2/14/2025,CK,Dng,1,1590,Karak,OK
14382,Shipped,Web,2/14/2025,CK,Dng,1,1590,Wah Cantt,OK
14383,Shipped,Web,2/15/2025,CK,Silent12,1,1590,Sehwan,OK
14398,Shipped,Web,2/16/2025,CK,Zen16,1,1590,Khairpur,OK
14406,Shipped,Web,2/18/2025,CK,Dng,1,1590,Gujranwala,OK
14422,Shipped,Web,2/21/2025,CK,Dng,1,1590,Depalpur,OK
14427,Shipped,Web,2/21/2025,CK,Dng,1,1590,Nowshera Virkan,OK
14430,Shipped,Web,2/22/2025,CK,Dng,1,1590,Tando Adam,OK
14432,Shipped,Web,2/23/2025,CK,Dng,1,1590,Islamabad,OK
14447,Shipped,Web,2/26/2025,CK,Zen16,1,1590,Dera Allah Yar,OK
14448,Shipped,Web,2/26/2025,CK,Dng,1,1590,Quetta,OK
14608,Shipped,Web,4/9/2025,CK,Dng,1,1590,Islamabad,OK
14641,Shipped,Web,4/12/2025,CK,Zen16,1,1590,Jampur,OK
14646,Shipped,Web,4/14/2025,CK,Zen16,1,1590,Sanghar,OK
14656,Shipped,Web,4/15/2025,CK,Zen16,1,1590,Dera Allah Yar,OK
5444,Shipped,Whatsapp,1/3/2025,CK,Zen16,1,1590,Hyderabad,OK
14169,Shipped,Web,1/13/2025,HNS,201-15,1,1690,Multan,OK
14467,Shipped,Web,3/11/2025,HNS,201-15,1,1690,Islamabad,OK
14583,Shipped,Web,4/6/2025,HNS,201-15,1,1690,Islamabad,OK
14596,Shipped,Web,4/8/2025,HNS,201-15,1,1690,Faisalabad,OK
14735,Shipped,Web,5/12/2025,HNS,201-15,1,1690,Islamabad,OK
14742,Shipped,Web,5/12/2025,HNS,201-15,1,1690,Islamabad,OK
14752,Shipped,Web,5/16/2025,HNS,201-15,1,1690,Islamabad,OK
14772,Shipped,Web,5/24/2025,HNS,201-15,1,1690,Islamabad,OK
14110,Shipped,Web,1/5/2025,HNS,101-12,1,1790,Hafizabad,OK
14121,Shipped,Web,1/7/2025,WD,pta,1,1790,Islamabad,OK
14192,Shipped,Web,1/15/2025,HNS,101-12,1,1790,Hyderabad,OK
14280,Shipped,Web,1/26/2025,HNS,101-12,1,1790,Hafizabad,OK
14339,Shipped,Web,2/5/2025,WD,pta,1,1790,Chicha Watni,OK
14345,Shipped,Web,2/6/2025,HNS,001-9,1,1790,Islamabad,OK
14464,Shipped,Web,3/5/2025,HNS,101-12,1,1790,Islamabad,OK
14465,Shipped,Web,3/9/2025,HNS,101-12,1,1790,Sialkot,OK
14474,Shipped,Web,3/15/2025,HNS,101-12,1,1790,Islamabad,OK
14556,Shipped,Web,4/2/2025,HNS,101-12,1,1790,Islamabad,OK
14570,Shipped,Web,4/3/2025,HNS,101-12,1,1790,Peshawar,OK
14575,Shipped,Web,4/5/2025,HNS,101-12,1,1790,Islamabad,OK
14590,Shipped,Web,4/7/2025,HNS,001-9,1,1790,Islamabad,OK
14698,Shipped,Web,4/28/2025,HNS,101-12,1,1790,Islamabad,OK
14705,Shipped,Web,5/1/2025,HNS,101-12,1,1790,Sialkot,OK
14719,Shipped,Web,5/4/2025,HNS,101-12,1,1790,Faisalabad,OK
14732,Shipped,Web,5/10/2025,HNS,101-12,1,1790,Rawalpindi,OK
14767,Shipped,Web,5/23/2025,HNS,101-12,1,1790,Mansehra,OK
14776,Shipped,Web,5/25/2025,HNS,101-12,1,1790,Islamabad,OK
14784,Shipped,Web,5/28/2025,HNS,101-12,1,1790,Sialkot,OK
14795,Shipped,Web,5/30/2025,HNS,101-12,1,1790,Sahiwal,OK
14087,Shipped,Web,1/2/2025,CK,Silent15,1,1890,Gujranwala,OK
14286,Shipped,Web,1/27/2025,CK,Silent15,1,1890,Chakwal,OK
14307,Shipped,Web,1/30/2025,CK,Silent15,1,1890,Rawalpindi,OK
14809,Shipped,Web,6/6/2025,HNS,201-15,1,1890,Faisalabad,OK
14815,Shipped,Web,6/6/2025,HNS,101-12,1,1890,Islamabad,OK
14829,Shipped,Web,6/10/2025,HNS,101-12,1,1890,Faisalabad,OK
14296,Shipped,Web,1/29/2025,HNS,201-15,1,1990,Wah Cantt,OK
14473,Shipped,Web,3/14/2025,HNS,201-15,1,1990,Khanewal,OK
14086,Shipped,Web,1/2/2025,HNS,101-15,1,2190,Hyderabad,OK
14114,Shipped,Web,1/5/2025,CK,Silent18,1,2190,Gujrat,OK
14129,Shipped,Web,1/8/2025,HNS,101-15,1,2190,Nawab Shah,OK
14160,Shipped,Web,1/13/2025,HNS,201-18,1,2190,Islamabad,OK
14196,Shipped,Web,1/16/2025,CK,Silent18,1,2190,Tando Adam,OK
14242,Shipped,Web,1/22/2025,HNS,201-18,1,2190,Rawalpindi,OK
14244,Shipped,Web,1/23/2025,HNS,001-12,1,2190,Lodhran,OK
14357,Shipped,Web,2/9/2025,HNS,201-18,1,2190,Rawalpindi,OK
14373,Shipped,Web,2/13/2025,HNS,101-15,1,2190,Khanewal,OK
14410,Shipped,Web,2/18/2025,HNS,101-15,1,2190,Faisalabad,OK
14533,Shipped,Web,3/21/2025,GfT,Eidi5p,1,2190,Dera Ghazi Khan,OK
14564,Shipped,Web,4/3/2025,HNS,101-15,1,2190,Peshawar,OK
14582,Shipped,Web,4/6/2025,HNS,201-18,1,2190,Rawalpindi,OK
14612,Shipped,Web,4/9/2025,HNS,001-12,1,2190,Rawalpindi,OK
14671,Shipped,Web,4/20/2025,HNS,101-15,1,2190,Hyderabad,OK
14809,Shipped,Web,6/6/2025,HNS,201-18,1,2490,Faisalabad,OK
14826,Shipped,Web,6/9/2025,HNS,201-18,1,2490,Bahawalpur,OK
14143,Shipped,Web,1/11/2025,HNS,101-15,1,2590,Islamabad,OK
14145,Shipped,Web,1/11/2025,HNS,101-15,1,2590,Gujranwala,OK
14285,Shipped,Web,1/27/2025,HNS,101-15,1,2590,Hyderabad,OK
14295,Shipped,Web,1/28/2025,HNS,201-18,1,2590,Islamabad,OK
14480,Shipped,Web,3/17/2025,HNS,201-18,1,2590,Multan,OK
14564,Shipped,Web,4/3/2025,HNS,101-15,1,2590,Peshawar,OK
14567,Shipped,Web,4/3/2025,HNS,201-18,1,2590,Rawalpindi,OK
14568,Shipped,Web,4/3/2025,HNS,101-15,1,2590,Multan,OK
14591,Shipped,Web,4/7/2025,HNS,101-15,1,2590,Abbottabad,OK
14597,Shipped,Web,4/8/2025,HNS,101-15,1,2590,Vehari,OK
14631,Shipped,Web,4/11/2025,HNS,201-18,1,2590,Islamabad,OK
14662,Shipped,Web,4/17/2025,HNS,101-15,1,2590,Rawalpindi,OK
14682,Shipped,Web,4/25/2025,HNS,101-15,1,2590,Sialkot,OK
14733,Shipped,Web,5/10/2025,HNS,101-15,1,2590,Dargai,OK
14736,Shipped,Web,5/12/2025,HNS,201-18,1,2590,Islamabad,OK
14755,Shipped,Web,5/17/2025,HNS,101-15,1,2590,Khanpur,OK
14768,Shipped,Web,5/23/2025,HNS,101-15,1,2590,Islamabad,OK
14791,Shipped,Web,5/29/2025,HNS,101-15,1,2590,Peshawar,OK
14814,Shipped,Web,6/6/2025,HNS,001-12,1,2590,Bahawalpur,OK
14817,Shipped,Web,6/7/2025,HNS,001-12,1,2590,Sialkot,OK
5456,Shipped,Whatsapp,2/17/2025,HNS,201-18,1,2590,Multan,OK
5458,Shipped,Whatsapp,2/24/2025,HNS,101-15,1,2590,Sialkot,OK
5449,Shipped,Whatsapp,1/20/2025,HNS,18x11 matt,1,2600,Faisalabad,OK
14559,Shipped,Web,4/2/2025,HNS,101-15,1,2690,Faisalabad,OK
14403,Shipped,Web,2/17/2025,CK,Dng,1,2780,Batkhela,OK
14818,Shipped,Web,6/7/2025,HNS,101-15,1,2790,Islamabad,OK
14198,Shipped,Web,1/16/2025,HNS,101-18,1,2890,Sialkot,OK
14481,Shipped,Web,3/18/2025,HNS,101-18,1,2890,Rawalpindi,OK
14621,Shipped,Web,4/10/2025,HNS,101-18,1,2890,Islamabad,OK
14694,Shipped,Web,4/27/2025,HNS,101-18,1,2890,Hyderabad,OK
14727,Shipped,Web,5/8/2025,HNS,101-18,1,2890,Abbottabad,OK
14737,Shipped,Web,5/12/2025,HNS,101-18,1,2890,Gujranwala,OK
14781,Shipped,Web,5/28/2025,HNS,101-18,1,2890,Abbottabad,OK
14794,Shipped,Web,5/30/2025,HNS,103-18,1,2890,Islamabad,OK
14316,Shipped,Web,1/30/2025,HNS,001-15,1,2990,Gujranwala,OK
14749,Shipped,Web,5/14/2025,HNS,001-12,1,3090,Renala Khurd,OK
5460,Shipped,Whatsapp,2/25/2025,WD,Neon,1,3300,Rahim Yar Khan,OK
14124,Shipped,Web,1/7/2025,HNS,101-18,1,3390,Hyderabad,OK
14348,Shipped,Web,2/7/2025,HNS,101-18,1,3390,Bahawalpur,OK
14368,Shipped,Web,2/11/2025,HNS,101-18,1,3390,Rawalpindi,OK
14475,Shipped,Web,3/15/2025,HNS,101-18,1,3390,Islamabad,OK
14558,Shipped,Web,4/2/2025,HNS,101-18,1,3390,Multan,OK
14566,Shipped,Web,4/3/2025,HNS,101-18,1,3390,Liaqatpur,OK
14627,Shipped,Web,4/10/2025,HNS,101-18,1,3390,Multan,OK
14674,Shipped,Web,4/23/2025,HNS,101-18,1,3390,Gilgit,OK
14693,Shipped,Web,4/27/2025,HNS,101-18,1,3390,Renala Khurd,OK
14701,Shipped,Web,4/29/2025,HNS,101-18,1,3390,Islamabad,OK
14723,Shipped,Web,5/8/2025,HNS,101-18,1,3390,Islamabad,OK
14726,Shipped,Web,5/8/2025,HNS,101-18,1,3390,Wah Cantt,OK
14773,Shipped,Web,5/24/2025,HNS,101-18,1,3390,Peshawar,OK
14778,Shipped,Web,5/25/2025,HNS,101-18,1,3390,Chicha Watni,OK
7482,Shipped,Whatsapp,5/9/2025,HNS,001-15,1,3390,Dera Ismail Khan,OK
5454,Shipped,Whatsapp,2/8/2025,HNS,101-18,1,3750,Multan,OK
14518,Shipped,Web,3/19/2025,GfT,Eidi10p,1,4090,Gujranwala,OK
14534,Shipped,Web,3/21/2025,GfT,Eidi10p,1,4090,Rahim Yar Khan,OK
146311,Shipped,Web,4/11/2025,HNS,201-18,1,4200,Islamabad,OK
14813,Shipped,Web,6/6/2025,HNS,103-18,1,6190,Faisalabad,OK
14266,Cancelled,Web,1/25/2025,CK,DIY,1,899,Hyderabad,OK
14272,Cancelled,Web,1/26/2025,CK,DIY,1,899,Karachi,OK
14369,Cancelled,Web,2/13/2025,CK,DIY,1,899,Retra,OK
14433,Cancelled,Web,2/23/2025,CK,DIY,1,899,Okara,OK
14459,Cancelled,Web,2/28/2025,CK,DIY,1,899,Zaida,OK
14125,Cancelled,Web,1/8/2025,CK,Minim9,1,990,Islamabad,OK
14156,Cancelled,Web,1/12/2025,CK,Minim9,1,990,Mandi Bahauddin,OK
14283,Cancelled,Web,1/27/2025,CK,Minim9,1,990,Karachi,OK
14306,Cancelled,Web,1/30/2025,CK,Minim9,1,990,Karachi,OK
14314,Cancelled,Web,1/30/2025,CK,Minim9,1,990,Karachi,OK
14642,Cancelled,Web,4/13/2025,CK,Minim9,1,990,Islamabad,OK
14516,Cancelled,Web,3/19/2025,GfT,Eidi2p,1,999,Faisalabad,OK
14536,Cancelled,Web,3/21/2025,GfT,Eidi2p,1,999,Lahore,OK
14539,Cancelled,Web,3/22/2025,GfT,Eidi2p,1,999,Peshawar,OK
14232,Cancelled,Web,1/21/2025,CK,Simply12,1,1090,Gujrat,OK
14660,Cancelled,Web,4/17/2025,CK,Geo12,1,1090,Karachi,OK
113544,Cancelled,Whatsapp,6/6/2025,HNS,201-12,1,1190,Karachi,OK
14279,Cancelled,Web,1/26/2025,CK,Minim12,1,1190,Digri,OK
14359,Cancelled,Web,2/9/2025,HNS,201-12,1,1190,Hyderabad,OK
14375,Cancelled,Web,2/13/2025,CK,Crclr12,1,1190,Islamabad,OK
14376,Cancelled,Web,2/13/2025,CK,Crclr12,1,1190,Islamabad,OK
14616,Cancelled,Web,4/10/2025,CK,Minim12,1,1190,Lahore,OK
14802,Cancelled,Web,6/2/2025,HNS,201-12,1,1190,Karachi,OK
5467,Cancelled,Whatsapp,3/22/2025,GfT,Eidi2p,1,1199,Rawalpindi,OK
14173,Cancelled,Web,1/13/2025,CK,Zen12,1,1290,Peshawar,OK
14220,Cancelled,Web,1/19/2025,CK,Zen12,1,1290,Lakki Marwat,OK
14456,Cancelled,Web,2/27/2025,CK,YY12,1,1290,Rawalpindi,OK
14600,Cancelled,Web,4/8/2025,CK,YY12,1,1290,Karachi,OK
14189,Cancelled,Web,1/15/2025,CK,Simply15,1,1390,Karachi,OK
14200,Cancelled,Web,1/17/2025,CK,Geo15,1,1390,Karachi,OK
14282,Cancelled,Web,1/27/2025,WD,pta,1,1390,Bahawalnagar,OK
14468,Cancelled,Web,3/12/2025,HNS,201-12,1,1390,Lahore,OK
14770,Cancelled,Web,5/23/2025,HNS,201-12,1,1390,Lahore,OK
14101,Cancelled,Web,1/4/2025,CK,Crclr15,1,1490,Karachi,OK
14304,Cancelled,Web,1/29/2025,HNS,101-12,1,1490,Wah Cantt,OK
14311,Cancelled,Web,1/30/2025,HNS,101-12,1,1490,Lahore,OK
14361,Cancelled,Web,2/10/2025,CK,Minim15,1,1490,Abdul Hakim,OK
14444,Cancelled,Web,2/25/2025,CK,Minim15,1,1490,Abdul Hakim,OK
14470,Cancelled,Web,3/14/2025,HNS,101-12,1,1490,Sialkot,OK
14600,Cancelled,Web,4/8/2025,CK,Gear15,1,1490,Karachi,OK
14616,Cancelled,Web,4/10/2025,CK,Crclr15,1,1490,Lahore,OK
14666,Cancelled,Web,4/19/2025,HNS,101-12,1,1490,Karachi,OK
14685,Cancelled,Web,4/25/2025,HNS,001-9,1,1490,Islamabad,OK
14686,Cancelled,Web,4/25/2025,HNS,101-12,1,1490,Islamabad,OK
14690,Cancelled,Web,4/27/2025,HNS,001-9,1,1490,Quetta,OK
14741,Cancelled,Web,5/12/2025,HNS,101-12,1,1490,Lahore,OK
14744,Cancelled,Web,5/12/2025,HNS,101-12,1,1490,Lahore,OK
14750,Cancelled,Web,5/15/2025,HNS,101-12,1,1490,Mingora (Swat),OK
14798,Cancelled,Web,5/30/2025,HNS,101-12,1,1490,Islamabad,OK
14108,Cancelled,Web,1/4/2025,CK,YY16,1,1590,Karachi,OK
14112,Cancelled,Web,1/5/2025,CK,Dng,1,1590,Islamabad,OK
14118,Cancelled,Web,1/6/2025,CK,Dng,1,1590,Lahore,OK
14128,Cancelled,Web,1/8/2025,CK,Zen16,1,1590,Hyderabad,OK
14151,Cancelled,Web,1/12/2025,CK,Dng,1,1590,Karachi,OK
14174,Cancelled,Web,1/13/2025,CK,Dng,1,1590,Peshawar,OK
14190,Cancelled,Web,1/15/2025,CK,Silent12,1,1590,Karachi,OK
14246,Cancelled,Web,1/23/2025,CK,Dng,1,1590,Khadian Khas,OK
14264,Cancelled,Web,1/25/2025,CK,Dng,1,1590,Larkana,OK
14284,Cancelled,Web,1/27/2025,CK,YY16,1,1590,Lahore,OK
14358,Cancelled,Web,2/9/2025,CK,Dng,1,1590,Karachi,OK
14371,Cancelled,Web,2/13/2025,CK,Dng,1,1590,Batkhela,OK
14372,Cancelled,Web,2/13/2025,CK,Dng,1,1590,Batkhela,OK
14443,Cancelled,Web,2/25/2025,CK,Dng,1,1590,Karachi,OK
14455,Cancelled,Web,2/27/2025,CK,Dng,1,1590,Sukkur,OK
14616,Cancelled,Web,4/10/2025,CK,Dng,1,1590,Lahore,OK
14644,Cancelled,Web,4/14/2025,CK,Dng,1,1590,Karachi,OK
14167,Cancelled,Web,1/13/2025,HNS,201-15,1,1690,Islamabad,OK
14252,Cancelled,Web,1/23/2025,HNS,201-15,1,1690,Lahore,OK
14105,Cancelled,Web,1/4/2025,HNS,101-12,1,1790,Islamabad,OK
14199,Cancelled,Web,1/16/2025,WD,pta,1,1790,Karachi,OK
14476,Cancelled,Web,3/16/2025,HNS,101-12,1,1790,Kot Addu,OK
14630,Cancelled,Web,4/11/2025,HNS,101-12,1,1790,Karachi,OK
14756,Cancelled,Web,5/17/2025,HNS,101-12,1,1790,Mingora (Swat),OK
14779,Cancelled,Web,5/25/2025,HNS,101-12,1,1790,Islamabad,OK
5446,Cancelled,Whatsapp,1/12/2025,CK,Silent15,1,1890,Lahore,OK
14771,Cancelled,Web,5/24/2025,HNS,201-15,1,1990,Lahore,OK
14704,Cancelled,Web,4/30/2025,HNS,001-9,1,2000,Lahore,OK
142422,Cancelled,Web,1/22/2025,HNS,201-18,1,2190,Rawalpindi,OK
14396,Cancelled,Web,2/16/2025,CK,Simply18,1,2190,Rawalpindi,OK
14472,Cancelled,Web,3/14/2025,HNS,201-18,1,2190,Multan,OK
14546,Cancelled,Web,3/23/2025,HNS,101-15,1,2190,Karachi,OK
14636,Cancelled,Web,4/12/2025,CK,201-18,1,2190,Bahawalnagar,OK
14714,Cancelled,Web,5/3/2025,HNS,101-15,1,2190,Gujranwala,OK
14738,Cancelled,Web,5/12/2025,HNS,101-15,1,2190,Gujranwala,OK
5451,Cancelled,Whatsapp,1/27/2025,HNS,101-12,1,2399,Sialkot,OK
14116,Cancelled,Web,1/6/2025,HNS,101-15,1,2590,Gujrat,OK
14477,Cancelled,Web,3/16/2025,HNS,101-15,1,2590,Faisalabad,OK
14573,Cancelled,Web,4/4/2025,HNS,201-18,1,2590,Rawalpindi,OK
14578,Cancelled,Web,4/5/2025,HNS,101-15,1,2590,Karachi,OK
14672,Cancelled,Web,4/22/2025,HNS,201-18,1,2590,Taxila,OK
14700,Cancelled,Web,4/29/2025,HNS,101-15,1,2590,Bahawalpur,OK
14747,Cancelled,Web,5/14/2025,HNS,101-15,1,2590,Gujranwala,OK
14789,Cancelled,Web,5/29/2025,HNS,201-18,1,2590,Islamabad,OK
5448,Cancelled,Whatsapp,1/20/2025,HNS,15x9,1,2600,Faisalabad,OK
14828,Cancelled,Web,6/9/2025,HNS,101-15,1,2790,Islamabad,OK
14417,Cancelled,Web,2/20/2025,HNS,101-18,1,2890,Karachi,OK
14557,Cancelled,Web,4/2/2025,HNS,101-18,1,2890,Lahore,OK
14572,Cancelled,Web,4/4/2025,HNS,101-18,1,2890,Karachi,OK
14619,Cancelled,Web,4/10/2025,HNS,101-18,1,2890,Islamabad,OK
14625,Cancelled,Web,4/10/2025,HNS,001-15,1,2890,Sialkot,OK
14669,Cancelled,Web,4/20/2025,HNS,101-18,1,2890,Rawalpindi,OK
14708,Cancelled,Web,5/1/2025,HNS,101-18,1,2890,Islamabad,OK
14780,Cancelled,Web,5/26/2025,HNS,101-18,1,2890,Lahore,OK
14781,Cancelled,Web,5/28/2025,HNS,001-15,1,2890,Abbottabad,OK
14710,Cancelled,Web,5/1/2025,HNS,101-18,1,3090,Lahore,OK
14562,Cancelled,Web,4/3/2025,HNS,103-18,1,3390,Pakpattan,OK
14681,Cancelled,Web,4/25/2025,HNS,103-18,1,3390,Dera Ghazi Khan,OK
14159,Cancelled,Web,1/12/2025,WD,Neon,1,3490,Karachi,OK
14235,Cancelled,Web,1/21/2025,WD,Neon,1,3490,Multan,OK
14370,Cancelled,Web,2/13/2025,WD,Neon,1,3490,Karachi,OK
14537,Hold,Web,3/21/2025,GfT,Eidi2p,1,999,Karachi,OK
14541,Hold,Web,3/22/2025,GfT,Eidi2p,1,999,Karachi,OK
14550,Hold,Web,3/28/2025,GfT,Eidi2p,1,999,Karachi,OK
14551,Hold,Web,3/28/2025,GfT,Eidi2p,1,1190,Kamoki,OK
14535,Hold,Web,3/21/2025,GfT,Eidi2p,1,1199,Hyderabad,OK
14677,Hold,Web,4/24/2025,HNS,101-12,1,1490,Karachi,OK
14317,Pickup,Web,1/31/2025,CK,Dng,1,1590,Faisalabad,OK
14823,Hold,Web,6/9/2025,HNS,101-12,1,1890,Hyderabad,OK
7486,Hold,Whatsapp,6/9/2025,HNS,101-12,1,1890,Multan,OK
14542,Hold,Web,3/22/2025,GfT,Eidi5p,1,2190,Gujranwala,OK
14688,Hold,Web,4/25/2025,HNS,201-18,1,2190,Lahore,OK
14812,Hold,Web,6/6/2025,HNS,101-15,1,2390,Mianwali,OK
14785,Booked,Web,5/28/2025,HNS,101-18,1,2890,Islamabad,OK
14827,Hold,Web,6/9/2025,HNS,101-18,1,3190,Okara,OK
14217,Hold,Web,1/19/2025,HNS,101-18,1,3390,Lahore,OK
14722,Hold,Web,5/7/2025,HNS,101-18,1,3390,Karachi,OK
14820,Hold,Web,6/8/2025,HNS,101-18,1,3690,Karachi,OK
14548,Hold,Web,3/28/2025,GfT,Eidi10p,1,4490,Lodhran,OK
14278,Cancelled,Web,1/26/2025,CK,Minim12,5,1190,Digri,quantity not applied - verify
14549,Hold,Web,3/28/2025,GfT,Eidi2p,2,1190,Karachi,OK
14375,Cancelled,Web,2/13/2025,CK,Crclr15,3,1490,Islamabad,quantity not applied - verify
14300,Cancelled,Web,1/29/2025,CK,Dng,2,1590,Sheikhupura,quantity not applied - verify
14445,Cancelled,Web,2/26/2025,CK,Dng,3,1590,Karachi,quantity not applied - verify
14363,Shipped,Web,2/10/2025,CK,Minim9,2,1980,Toba Tek Singh,OK
14268,Cancelled,Web,1/25/2025,WD,Hearts,2,2380,Multan,OK
14436,Shipped,Web,2/24/2025,CK,Simply15,2,2790,Lahore,OK
14258,Shipped,Web,1/24/2025,CK,Swirl15,2,2980,Hyderabad,OK
14119,Shipped,Web,1/6/2025,CK,Dng,2,3180,Lahore,OK
14725,Cancelled,Web,5/8/2025,HNS,101-18,2,3390,Lahore,quantity not applied - verify
5445,Shipped,Whatsapp,1/10/2025,HNS,201-12,3,3400,Faisalabad,OK
14394,Shipped,Web,2/16/2025,WD,Triangle,3,3570,Rawalpindi,OK
5463,Shipped,Whatsapp,3/9/2025,HNS,101-12,2,3580,Karachi,OK
14604,Shipped,Web,4/8/2025,CK,Simply9,4,3960,Nowshera,OK
14131,Shipped,Web,1/8/2025,WD,PD,4,4760,Peshawar,OK
7480,Shipped,Whatsapp,5/4/2025,HNS,101-18,2,6780,Karachi,OK
14434,Shipped,Web,2/23/2025,WD,Neon,2,6990,Rawalpindi,OK
5455,Shipped,Whatsapp,2/11/2025,HNS,101-15,2,8380,Lahore,OK
14122,Shipped,Web,1/7/2025,WD,pta,5,8950,Rawalpindi,OK
5542,Shipped,Whatsapp,1/27/2025,HNS,101-15,4,9500,Ghotki,OK
5464,Shipped,Whatsapp,3/14/2025,HNS,101-12,8,11900,Lahore,OK
5474,Shipped,Whatsapp,4/18/2025,HNS,101-18,4,13500,Ghotki,OK
